timestamp,score,text
2020-04-16 09:19:15,1,$paid $20
2020-04-22 12:15:30,1,$paid $20
2020-04-17 10:17:14,1,$paid $20
2020-04-17 12:57:53,2,$paid $20
2020-04-17 03:27:07,1,$paid $20
2020-04-18 04:15:31,1,$paid $20
2020-04-16 07:02:41,1,$paid $20
2020-04-18 04:13:44,1,$paid $20
2020-04-16 09:57:14,1,$paid $20
2020-04-18 04:16:15,1,$paid $20
2020-04-21 03:38:02,1,$paid $20
2020-04-18 04:14:25,2,$paid $20
2020-04-25 05:33:22,1,$paid $20
2020-04-18 05:23:53,1,$paid $20
2020-04-22 23:28:47,2,$paid $20
2020-04-17 06:34:22,1,$paid $20
2020-04-21 02:56:05,1,$paid $20
2018-12-18 15:03:58,1,$paid $1
2018-12-18 13:41:16,1,$paid $1
2018-12-18 13:56:43,1,$paid $1
2018-12-18 14:18:48,1,$paid $1
2018-12-18 14:08:07,1,$paid $1
2018-12-18 14:10:10,1,$paid $1
2018-12-18 14:17:05,1,$paid $1
2018-12-18 14:23:08,1,$paid $1
2018-12-18 14:31:46,1,$paid $1
2018-12-18 14:53:05,1,$paid $1
2018-12-18 14:43:48,1,$paid $1
2018-12-18 14:56:26,1,$paid $1
2018-12-18 14:57:24,1,$paid $1
2018-12-18 15:01:21,1,$paid $1
2018-12-18 15:07:44,1,$paid $1
2018-12-18 15:34:12,1,$paid $1
2018-12-18 15:30:10,2,$paid $1
2018-12-18 15:31:24,1,$paid $1
2018-12-18 16:10:34,1,$paid $1
2018-12-18 16:12:48,1,$paid $1
2018-12-18 16:26:13,1,$paid $1
2018-12-18 16:27:00,1,$paid $1
2018-12-18 16:43:02,1,$paid $2
2018-12-18 17:59:07,1,$paid $1
2018-12-18 20:32:52,2,$paid $1
2018-12-19 02:37:25,1,$paid $1
2018-12-19 02:38:24,1,$paid $1
2018-12-19 02:39:44,1,$paid $1
2018-12-19 02:40:43,2,$paid $1
2018-12-19 02:41:38,1,$paid $1
2018-12-19 02:42:24,1,$paid $1
2018-11-25 12:50:26,1,$paid $1
2018-11-25 12:52:07,1,$paid $1
2018-11-25 12:37:12,2,$paid $1
2018-11-25 12:46:40,1,"$paid $0.50
(additional payment on top of previous [TASK])"
2018-11-25 16:10:51,1,$paid $1
2018-11-25 13:19:43,1,$paid $1
2018-11-25 20:47:11,1,$paid $1
2018-11-25 13:22:43,1,$paid $1
2018-11-25 14:34:49,1,$paid $1
2018-11-25 14:35:30,1,$paid $1
2018-11-25 15:18:51,1,"$paid $0.50  
(additional payment on top of previous [TASK])"
2018-11-25 15:20:34,1,$paid $1
2018-11-25 15:34:20,1,$paid $1
2018-11-25 16:10:05,1,$paid $1
2018-11-25 20:45:53,1,$paid $1
2018-11-25 20:48:57,2,$paid $1
2018-11-25 20:48:11,1,"$paid $0.50  
(additional payment on top of previous [TASK])"
2018-11-25 20:52:03,1,$paid $1
2018-11-25 20:55:40,1,"$paid $0.50  
(additional payment on top of previous [TASK])"
2018-11-25 20:53:49,1,"$paid $0.50  
(additional payment on top of previous [TASK])"
2018-11-25 20:56:44,1,$paid $1
2018-11-25 22:16:35,1,$paid $1
2018-11-25 22:19:44,1,$paid $1
2018-11-26 00:32:17,1,$paid $1
2018-11-26 02:36:56,1,$paid $1
2018-11-26 02:38:13,1,$paid $1
2018-11-26 02:39:29,1,$paid $1
2018-11-28 14:43:22,1,$paid $1
2018-11-28 14:08:18,1,$paid $1
2018-11-28 14:40:56,1,$paid $1
2018-11-28 16:00:48,1,$paid $1
2018-11-28 14:59:20,1,$paid $1
2018-11-28 14:51:27,1,$paid $1
2018-11-28 16:00:04,1,$paid $1
2018-11-28 15:56:28,1,$paid $1
2018-11-28 16:08:06,1,$paid $1
2018-11-28 16:37:18,1,$paid $1
2018-11-28 17:38:16,1,$paid $1
2018-11-28 17:36:06,2,$paid $1
2018-11-28 20:25:46,1,$paid $1
2018-11-28 20:34:45,1,$paid $1
2018-11-28 20:26:48,1,$paid $1
2018-11-28 20:27:46,1,$paid $1
2018-11-28 20:29:08,1,$paid $1
2018-11-29 13:33:27,1,$paid $1
2018-11-28 20:31:50,1,$paid $1
2018-11-28 20:30:33,1,$paid $1
2018-11-28 20:33:49,1,$paid $1
2018-11-28 20:32:55,1,$paid $1
2018-11-28 20:42:23,1,$paid $1
2018-11-28 20:48:40,1,$paid $1
2018-11-28 20:58:24,1,$paid $1
2018-11-29 13:37:00,1,$paid $1
2018-11-29 01:19:38,1,$paid $1
2018-11-29 13:32:27,1,$paid $1
2018-12-18 13:21:16,2,$paid $1
2017-09-10 10:29:03,1,$paid $0.02
2017-09-09 23:39:26,1,$paid $0.02
2017-09-09 23:39:49,1,$paid 0.02
2017-09-09 23:44:50,1,$paid $0.02
2017-09-10 11:28:47,1,$paid $0.02
2017-09-10 00:03:56,1,$paid $0.02
2017-09-10 00:29:31,1,$paid $0.02
2017-09-10 11:23:13,1,$paid $0.02
2017-09-10 10:29:13,1,$paid $0.02
2017-09-10 11:25:23,1,$paid $0.02
2017-09-10 11:21:37,1,$paid $0.02
2017-09-10 15:01:47,1,$paid $0.02
2017-09-10 17:08:27,1,$paid $0.02
2017-09-11 09:32:42,1,$paid $0.02
2017-09-11 09:24:58,1,$paid $0.02
2017-09-11 14:42:00,1,$paid $0.02
2017-09-11 23:41:08,1,$paid $0.02
2018-02-25 09:11:06,2,$paid $2
2018-02-25 09:16:17,2,$paid $2
2018-02-25 09:21:37,1,$paid $2
2018-02-25 09:44:11,1,$paid $2
2018-02-25 10:09:29,1,$paid $2
2018-02-25 11:34:21,1,$paid $2
2018-02-25 12:34:32,1,$paid $2
2018-02-25 12:31:10,1,$paid $2
2018-02-25 15:00:07,1,$paid $2
2018-02-25 13:34:30,1,$paid $2
2018-02-25 13:40:12,1,$paid $2
2018-02-25 14:35:33,1,$paid $2
2018-02-25 14:38:05,1,$paid $2
2018-02-25 15:03:23,1,$paid $2
2018-02-25 15:01:59,1,$paid $2
2018-02-25 17:21:16,1,$paid $2
2018-02-25 18:04:59,1,$paid $2
2018-02-28 15:54:13,1,$paid $2
2018-02-26 12:39:26,1,$paid $2
2020-05-11 19:53:18,1,$paid $10
2019-02-27 04:27:42,1,$paid $10
2019-02-26 19:33:21,1,$paid $30
2019-02-27 03:58:20,1,$paid $15 in DOGE
2019-02-26 01:43:33,1,$paid $15
2019-02-26 02:26:45,1,$paid $15 
2019-02-26 01:44:26,1,$paid $10
2019-02-26 02:18:24,1,$paid $15
2020-12-12 13:28:31,1,$paid $0.6 (including transaction fees)
2020-12-12 13:24:41,1,$Paid $0.85 (including transaction fee)
2020-12-12 13:45:25,2,$paid $1.10 (including transaction fee)
2020-12-12 13:34:50,1,$paid $0.6 (including transaction)
2020-12-12 18:25:10,1,$paid $0.60 (including transaction fee)
2020-12-12 16:55:15,1,$paid $0.85 (including transaction fee)
2020-12-12 15:45:07,2,$paid $0.60 (including transaction fee)
2020-12-12 17:14:07,1,$paid $0.85 (including transaction fee)
2020-12-12 17:16:35,1,$paid $0.60 (including transaction fee)
2020-12-12 19:52:32,1,$paid $1.10 （including transaction)
2020-12-12 19:51:35,1,$paid $0.85 (including transaction fee)
2017-11-09 22:53:27,1,$paid $3
2017-11-09 22:53:10,1,$paid 3
2017-11-09 22:53:38,1,$paid $3
2017-11-09 22:53:49,1,$paid $3
2017-11-09 22:53:56,1,$paid $3
2017-11-09 22:02:55,1,$paid $3
2017-11-09 22:54:06,1,$paid $3
2017-11-09 22:54:13,1,$paid $3
2017-11-09 22:54:35,1,$paid $3
2017-11-09 22:49:55,1,$paid $3
2017-11-09 23:09:46,1,$paid $3
2020-10-13 19:52:11,1,$paid $5
2020-08-10 12:18:25,1,$paid $10
2020-08-10 11:59:27,1,$paid $10
2020-08-11 23:49:51,2,$paid $30
2020-08-11 23:52:40,1,$paid $10
2020-08-09 21:33:53,1,$paid $10
2020-08-11 00:14:27,1,$paid $10
2020-03-16 11:32:52,1,$paid £2
2020-03-13 05:08:00,1,$paid
2020-03-13 05:09:33,1,$paid £5
2020-03-16 16:36:22,1,$paid £2
2020-03-17 06:38:45,1,$paid £2
2017-12-07 00:06:24,1,"$paid $0.01

That is so cringy and will be reposted to r/jokes monetarily ;)"
2017-12-07 20:35:14,1,"$paid $0.01

Sorry to hear that! Hope things look up!"
2017-12-07 20:12:50,1,"$paid $0.01

I believe it is eccentric and yes, I would qualify myself like that, but not rich as the term typically connotes."
2017-12-07 20:51:50,1,$paid $0.01
2017-12-06 23:09:45,1,$paid $0.01
2017-12-06 23:25:42,1,"$paid $0.01

Had to send as G/S because your account doesn't accept personal payments."
2017-12-07 00:18:57,1,$paid $0.01
2017-12-07 20:16:42,1,$paid $0.01
2017-12-07 20:17:43,1,$paid $0.01
2017-12-07 20:21:09,1,$paid $0.01
2017-12-07 20:24:19,2,"$paid $0.01

Just take her number out of your phone, bro. I know you're probably not going to take my advice on this, but if you don't, you'll regret it."
2017-12-07 20:53:55,1,$paid $0.01
2017-12-07 20:32:09,1,$paid $0.01
2017-12-07 20:37:53,2,"$paid $0.01

Thanks! I used to give out pizzas on random acts of pizza before I was banned :/"
2017-12-07 20:39:11,1,$paid $0.01
2017-12-07 20:41:03,2,$paid $0.01
2017-12-07 20:44:29,1,$paid $0.01
2017-12-07 20:47:34,1,$paid $0.01
2017-12-07 20:48:05,1,$paid $0.01
2017-12-10 19:35:10,1,$paid $0.01
2018-07-27 00:44:31,1,$paid $5
2018-07-26 12:00:41,1,$paid $5
2018-08-01 23:58:22,1,$paid $5
2018-07-29 09:55:47,1,$paid $5
2018-08-01 23:58:39,1,$paid $5
2018-07-31 14:15:35,1,$paid $5
2018-07-31 15:48:30,1,"$paid $5

May take several days to process due to it being an international transaction. "
2018-07-26 01:53:20,1,$paid $5
2018-04-03 21:54:36,1,$paid 3
2018-04-03 21:54:41,1,$paid 3
2018-04-03 21:54:43,1,$paid 3
2018-04-03 21:54:47,1,$paid 3
2018-04-03 21:54:50,1,$paid 3
2018-04-03 21:54:54,1,$paid 3
2018-04-03 21:54:57,1,$paid 3
2018-04-03 21:55:02,1,$paid 3
2018-04-03 21:55:06,1,$paid 3
2018-04-03 21:55:09,1,$paid 3
2018-04-03 21:55:12,1,$paid 3
2018-04-03 21:55:15,1,$paid 3
2018-04-24 18:42:34,1,$paid 10
2018-04-24 18:48:50,1,$paid
2018-04-24 18:22:31,1,$paid 10
2018-04-24 18:42:20,1,$paid 10
2018-05-01 22:07:25,1,$paid 4
2018-04-24 18:21:59,1,$paid 10
2018-04-24 22:11:41,1,$paid 10
2018-04-24 18:43:00,1,$paid 10
2018-05-01 21:58:13,1,$paid 4
2018-04-25 15:40:28,1,$paid 10
2018-04-24 20:44:51,1,$paid 10
2018-05-01 22:03:08,1,$paid 4
2018-04-24 22:05:52,1,$paid 10
2018-05-01 22:02:29,1,$paid 4
2018-11-07 11:10:50,2,$paid $0.50
2018-11-07 13:53:03,1,$paid $0.50
2018-11-07 12:20:45,1,$paid $0.50
2018-11-09 20:40:48,1,$paid $0.50
2018-11-07 11:37:02,1,$paid $0.50
2018-11-07 11:15:04,1,$paid $0.5
2018-11-07 12:18:38,1,$paid $0.50
2018-11-07 13:49:06,1,$paid $0.50
2019-05-30 22:50:04,1,$paid $3.91
2019-05-30 23:04:12,1,$paid $0.50
2019-05-30 23:05:09,1,$paid $0.50
2019-05-30 22:54:16,2,$paid $0.50
2019-05-30 23:04:49,1,$paid $0.50
2019-05-30 23:01:23,2,$paid $0.50
2019-05-30 23:00:49,1,$paid $0.50
2019-05-30 22:59:49,1,$paid $0.50
2019-05-30 22:57:03,2,$paid $0.50
2019-05-30 23:12:20,1,$paid $0.50
2019-05-30 23:13:09,1,$paid $0.50
2019-05-30 23:21:37,1,$paid $0.50
2018-03-28 12:11:19,1,$paid 20
2020-07-26 12:42:09,1,$paid $29
2020-07-16 01:35:40,1,$paid $4
2020-07-19 22:31:07,1,$paid $29
2020-07-18 13:59:06,1,$paid \[4.00\]
2020-07-22 15:14:00,1,$paid 25.00
2020-07-19 17:50:42,1,$paid $10
2020-07-19 19:27:21,1,$paid $10
2020-07-19 22:32:13,1,$paid $29
2020-08-21 21:37:22,1,$paid $29
2017-09-14 17:35:13,1,$paid $1
2017-09-14 17:55:45,1,$paid $1
2017-09-14 20:25:45,1,$paid $1
2017-09-14 20:27:24,1,$paid 1$
2017-09-14 23:23:43,1,$paid 1$
2017-09-14 20:40:35,1,$paid $1
2017-09-14 21:01:28,1,$paid
2019-01-08 14:59:21,1,$paid $1
2019-01-08 14:38:57,1,$paid $9
2019-01-08 15:00:54,1,$paid $9
2019-01-08 13:45:37,1,$paid $7.50
2019-01-09 01:26:05,1,$paid $4 (did more work)
2019-01-08 13:43:03,1,$paid $1.50
2019-01-09 19:30:17,1,$paid $3
2019-01-09 01:20:14,1,$paid $4
2019-01-09 01:28:16,1,$paid $4
2018-04-18 20:47:07,1,$paid $1. Thanks!
2018-04-18 17:31:39,1,$paid $1. Thank you so much for your help!
2018-04-18 20:17:31,1,$paid $1. Thank you very much! 
2018-04-18 20:22:33,1,$paid $1. Thanks for your help.
2018-04-18 20:43:15,1,$paid $1. Thank you!
2018-04-18 21:50:21,1,$paid $1. Thank you very much!
2018-04-18 22:38:58,1,$paid $1. Thank you!
2018-04-19 00:49:02,1,$paid $1. Thanks!
2018-04-19 12:52:49,1,$paid $1. Thanks for the help!
2018-04-19 12:54:16,1,"$paid $1. Got it, thanks!"
2018-04-19 13:29:11,1,$paid $1. Thank you!
2018-04-20 03:19:48,1,$paid $1. Thank you!
2018-04-20 21:08:40,1,$paid $1. Thanks!
2017-09-17 18:21:50,1,$paid $25
2017-09-17 20:48:22,1,$paid $5
2018-09-03 13:06:40,1,$paid $1
2018-09-03 13:51:35,1,$paid $1
2018-09-03 13:06:59,1,$paid $1
2018-09-03 13:29:18,1,$paid $1
2018-09-03 13:17:12,1,$paid $1
2018-09-03 13:47:34,1,$paid $1
2018-09-03 14:57:22,1,$paid $1
2018-09-03 15:22:25,1,$paid $1
2017-09-11 17:36:28,1,"$paid $5

Thanks for the work you were able to do Tom, even though we didn't knock out a full list your accounts created were still helpful. :)"
2017-09-11 19:12:24,1,$paid $3
2019-01-18 12:56:56,1,$paid $1
2019-01-17 13:16:08,1,$paid $1
2019-01-17 13:13:46,1,$paid $1
2019-01-17 14:07:23,1,$paid $1
2019-01-17 17:08:21,1,$paid $1
2019-01-18 17:59:19,1,$paid $1
2019-01-18 11:27:37,1,$paid $1
2020-06-27 03:05:34,1,$paid 2$
2020-06-27 03:15:16,1,$paid 2$
2020-06-27 02:56:31,1,$paid $2
2018-02-28 13:04:46,1,$paid $2
2018-02-28 13:22:34,1,$paid $2
2018-02-28 14:19:04,1,$paid $2
2018-02-28 15:57:27,1,$paid $2
2018-02-28 16:13:47,1,$paid $2
2018-03-01 06:36:36,1,$paid $2
2018-03-01 06:37:42,1,$paid $2
2018-03-01 06:39:31,1,$paid $2
2018-03-01 06:46:32,1,$paid $2
2018-03-02 10:36:54,1,$paid $2
2020-07-27 17:38:46,1, $paid \[29.00\]
2020-08-07 08:15:46,1,$paid 29.00
2020-07-27 20:02:27,1,$paid 29 USD
2020-07-26 13:35:19,1,$paid 29.99
2020-08-07 08:22:51,1,$paid $29
2020-08-14 01:11:01,1,$paid $29
2020-12-12 23:01:34,1,$paid $29
2017-08-18 17:38:59,2,$paid $5
2018-04-27 09:42:14,1,$paid
2018-04-27 15:09:22,1,$paid $1
2018-04-27 09:53:46,1,$paid $2
2018-08-26 22:25:31,1,$paid $15
2018-09-11 03:53:55,1,$paid $50
2018-08-26 23:44:53,1,$paid $15
2018-07-07 17:12:08,2,$paid
2018-07-07 17:13:51,3,$paid
2019-11-19 16:45:00,2,$paid 10
2019-11-19 17:49:33,2,$paid $10
2019-02-04 21:31:08,1,$paid 10$  thank you!
2019-01-31 03:56:37,1,$paid $10
2019-01-29 14:29:58,1,$paid $10
2019-02-02 02:22:31,1,$paid $10
2019-02-01 17:41:08,1,$paid $10
2020-10-18 22:58:22,1,$paid for Cointiply
2019-01-15 19:14:07,3,$paid $76.65
2019-01-16 02:37:49,2,$paid $76.65
2019-11-15 13:40:00,1,$paid 29
2018-09-23 16:21:37,3,$paid $15
2018-09-23 04:19:44,1,$paid $2.50
2018-09-23 04:19:51,1,$paid $1
2018-09-23 14:52:09,1,$paid $2.40
2018-09-23 16:17:13,2,$paid $2
2018-03-10 21:38:58,1,$paid $10
2018-03-06 16:59:25,1,$paid $31.99
2018-03-06 16:54:39,1,$paid $31.99
2018-03-07 21:23:26,1,$paid $10
2018-03-04 15:47:05,1,$paid $31.99
2018-12-10 12:09:34,1,$paid $2
2018-12-10 12:09:49,1,$paid $2
2018-12-10 12:12:42,1,$paid $2
2017-12-27 01:09:28,1,"$paid $3.50

Successfully completed."
2017-12-27 01:08:00,1,"$paid $3.50

Awaiting fulfillment."
2017-12-27 01:46:29,1,"$paid $3.50

Successfully completed."
2017-12-27 01:35:33,1,"$paid $3.50

Successfully completed."
2017-12-27 01:44:22,1,"$paid $3.50

Successfully completed."
2017-12-27 02:01:37,1,"$paid $3.50.

Successfully completed."
2017-12-27 02:09:53,1,"$paid $3.50

Successfully completed."
2017-12-27 04:14:04,1,"$paid $3.50

Successfully completed."
2017-12-27 04:16:00,1,"$paid $3.50

Successfully completed."
2018-05-19 17:29:16,1,$paid $0.3
2017-09-03 19:19:14,1,$paid $0.10
2018-11-28 01:13:37,1,$paid $1
2018-11-28 01:13:27,1,$paid $1
2018-11-29 23:42:04,1,"$paid $1

PayPal took .34 cents from this transactions (for some reason)"
2018-11-27 22:16:34,1,$paid $1
2020-11-20 01:46:10,1,$paid $150
2020-08-05 12:17:28,1,$paid $6
2020-08-05 15:48:05,2,$paid $3
